Player,Team,Pos,Injury,Status,Est. Return
Isaiah Adams,ARI,OG,Knee,Questionable,Subscribers Only
Jamal Adams,MIN,LB,Quadriceps,IR,Subscribers Only
Tucker Addington,MIA,C,Shoulder,Questionable,Subscribers Only
Hakeem Adeniji,BAL,OG,Personal,Reserve-Ret,Subscribers Only
Jamal Agnew,FA,WR,Undisclosed,Questionable,Subscribers Only
Brandon Aiyuk,SF,WR,Knee - ACL + MCL,Reserve-DNR,Subscribers Only
Austin Ajiake,IND,LB,Hamstring,Questionable,Subscribers Only
Damien Alford,FA,WR,Undisclosed,Questionable,Subscribers Only
LeQuint Allen,JAX,RB,Hip,Questionable,Subscribers Only
Marcus Allen,FA,CB,Undisclosed,Questionable,Subscribers Only
Trey Amos,WAS,CB,Ankle,IR-R,Subscribers Only
Troy Andersen,FA,LB,Knee,Questionable,Subscribers Only
Aaron Anderson,FA,WR,Undisclosed,Questionable,Subscribers Only
Chigozie Anusiem,LV,CB,Knee,IR,Subscribers Only
Jalyn Armour-Davis,FA,CB,Achilles,Questionable,Subscribers Only
Cornell Armstrong,FA,CB,Hamstring,Questionable,Subscribers Only
Dorance Armstrong,WAS,LB,Knee,Questionable,Subscribers Only
Terrion Arnold,SEA,CB,Personal,Reserve-CEL,Subscribers Only
Brian Asamoah,FA,LB,Knee,Questionable,Subscribers Only
Calvin Austin,NYG,WR,Knee,IR,Subscribers Only
Andre Baccellia,FA,WR,Neck,Questionable,Subscribers Only
Levelle Bailey,DEN,LB,Leg,IR,Subscribers Only
Darrell Baker,MIA,CB,Undisclosed,PUP-R,Subscribers Only
Zach Bako-Bewele,GB,OT,Knee,Questionable,Subscribers Only
Johnathan Baldwin,GB,S,Knee,IR,Subscribers Only
Aaron Banks,GB,OG,Knee,Questionable,Subscribers Only
Keshawn Banks,FA,LB,Undisclosed,Questionable,Subscribers Only
Marcus Banks,FA,S,Undisclosed,Questionable,Subscribers Only
Shad Banks,FA,LB,Undisclosed,Questionable,Subscribers Only
Bryce Baringer,NE,P,Undisclosed,IR,Subscribers Only
Amare Barno,FA,LB,Knee,Questionable,Subscribers Only
Tyler Baron,NYJ,DE,Knee,PUP-R,Subscribers Only
Jared Bartlett,JAX,LB,Leg,IR,Subscribers Only
Brenden Bates,FA,TE,Undisclosed,Questionable,Subscribers Only
Tyler Batty,MIN,LB,Knee - ACL,IR,Subscribers Only
Dalys Beanum,FA,CB,Undisclosed,Questionable,Subscribers Only
Travis Bell,FA,DT,Eye,Questionable,Subscribers Only
Nick Bellore,WAS,LB,Personal,Reserve-Ret,Subscribers Only
Jakorian Bennett,PHI,CB,Knee,IR-R,Subscribers Only
Trey Benson,ARI,RB,Knee,IR,Subscribers Only
Jarrick Bernard-Converse,NYG,CB,Knee,IR,Subscribers Only
JD Bertrand,ATL,LB,Undisclosed,IR,Subscribers Only
Tyler Biadasz,LAC,C,Knee,IR,Subscribers Only
Beanie Bishop,FA,CB,Suspension,Reserve-Sus,Subscribers Only
Cole Bishop,BUF,S,Groin,Questionable,Subscribers Only
Chase Bisontis,ARI,OG,Knee - MCL,IR,Subscribers Only
Korie Black,NYG,CB,Undisclosed,IR-R,Subscribers Only
Raheem Blackshear,FA,RB,Undisclosed,Questionable,Subscribers Only
Joey Blount,ARI,S,Neck,IR,Subscribers Only
Chris Board,FA,LB,Chest,Questionable,Subscribers Only
Jake Bobo,SEA,WR,Knee,IR,Subscribers Only
Dicaprio Bootle,FA,CB,Undisclosed,Questionable,Subscribers Only
Brock Bowers,LV,TE,Knee - Meniscus,Questionable,Subscribers Only
Kris Boyd,FA,CB,Abdomen,Questionable,Subscribers Only
Bradley Bozeman,LAC,C,Undisclosed,Reserve-Ret,Subscribers Only
Anthony Bradford,SEA,OG,Knee,Questionable,Subscribers Only
Carter Bradley,FA,QB,Thumb,Questionable,Subscribers Only
Parker Brailsford,CLE,C,Thumb,Questionable,Subscribers Only
Brian Branch,DET,S,Achilles,PUP-R,Subscribers Only
Chris Brazzell,CAR,WR,Knee,IR,Subscribers Only
Bryan Bresee,NO,DT,Knee - ACL,IR,Subscribers Only
Teddy Bridgewater,DET,QB,Undisclosed,Reserve-Ret,Subscribers Only
Warren Brinson,GB,DT,Calf,Questionable,Subscribers Only
Le'Meke Brockington,FA,WR,Undisclosed,Questionable,Subscribers Only
Tyrone Broden,FA,CB,Undisclosed,Questionable,Subscribers Only
Ja'Corey Brooks,FA,WR,Undisclosed,Questionable,Subscribers Only
Kendell Brooks,TEN,S,Undisclosed,IR,Subscribers Only
A.J. Brown,NE,WR,Ankle,IR,Subscribers Only
Ben Brown,NE,C,Knee,Questionable,Subscribers Only
Bobby Brown,CAR,DT,Back,Questionable,Subscribers Only
Brittain Brown,CHI,RB,Undisclosed,IR,Subscribers Only
Omar Brown,FA,S,Undisclosed,Questionable,Subscribers Only
Sean Brown,FA,LB,Undisclosed,Questionable,Subscribers Only
Sincere Brown,FA,WR,Undisclosed,Questionable,Subscribers Only
Tre Brown,NYJ,CB,Finger,IR,Subscribers Only
Coby Bryant,CHI,S,Knee,IR,Subscribers Only
Harrison Bryant,FA,TE,Undisclosed,Questionable,Subscribers Only
Marcus Bryant,NE,OT,Ankle,IR-R,Subscribers Only
Teddye Buchanan,BAL,LB,Knee - ACL,Questionable,Subscribers Only
Alex Bullock,JAX,WR,Undisclosed,Reserve-Ret,Subscribers Only
Cole Burgess,PIT,WR,Undisclosed,IR,Subscribers Only
Artie Burns,FA,CB,Knee - ACL,Questionable,Subscribers Only
Joe Burrow,CIN,QB,Back,Questionable,Subscribers Only
Deon Bush,FA,S,Achilles,Questionable,Subscribers Only
Eric Butler,FA,S,Undisclosed,Questionable,Subscribers Only
Solomon Byrd,HOU,DE,Ankle,IR,Subscribers Only
Yodny Cajuste,FA,OT,Undisclosed,Questionable,Subscribers Only
Grant Calcaterra,PHI,TE,Back,IR-R,Subscribers Only
Jeff Caldwell,KC,WR,Knee,IR,Subscribers Only
Matthew Caldwell,LAR,QB,Undisclosed,IR,Subscribers Only
Kadarius Calloway,FA,RB,Undisclosed,Questionable,Subscribers Only
Dalevon Campbell,FA,WR,Leg,Questionable,Subscribers Only
Parris Campbell,DAL,WR,Undisclosed,Reserve-Ret,Subscribers Only
Derek Carr,NO,QB,Undisclosed,Reserve-Ret,Subscribers Only
Jalen Carter,PHI,DT,Wrist,Questionable,Subscribers Only
Zach Carter,ARI,DT,Knee,IR-R,Subscribers Only
Blake Cashman,MIN,LB,Wrist,Questionable,Subscribers Only
McCallan Castles,FA,TE,Undisclosed,Questionable,Subscribers Only
Tariq Castro-Fields,FA,CB,Heel,Questionable,Subscribers Only
K'Lavon Chaisson,WAS,LB,Knee,Questionable,Subscribers Only
Ty Chandler,NO,RB,Knee,IR,Subscribers Only
Tyreek Chappell,MIN,CB,Undisclosed,IR,Subscribers Only
Zach Charbonnet,SEA,RB,Knee - ACL,PUP-R,Subscribers Only
Irvin Charles,SEA,WR,Undisclosed,IR-R,Subscribers Only
Elijah Chatman,CLE,DT,Quadriceps,IR,Subscribers Only
Dan Chisena,FA,WR,Undisclosed,Questionable,Subscribers Only
Brady Christensen,CAR,OG,Hamstring,IR,Subscribers Only
Bud Clark,SEA,S,Ankle,IR,Subscribers Only
Damone Clark,DET,LB,Undisclosed,IR,Subscribers Only
Jadeveon Clowney,HOU,DE,Knee,Questionable,Subscribers Only
Jalen Coker,CAR,WR,Ankle,Questionable,Subscribers Only
Jordan Colbert,FA,LB,Neck,Questionable,Subscribers Only
Chris Collier,LV,RB,Undisclosed,IR,Subscribers Only
Alfred Collins,SF,DT,Knee,IR,Subscribers Only
Beaux Collins,ATL,WR,Undisclosed,IR-R,Subscribers Only
Maliek Collins,CLE,DT,Quadriceps,Questionable,Subscribers Only
Nico Collins,HOU,WR,Hamstring,Questionable,Subscribers Only
Trystan Colon,JAX,OG,Personal,Reserve-Ret,Subscribers Only
Ja'Qurious Conley,FA,S,Undisclosed,Questionable,Subscribers Only
Chamarri Conner,KC,S,Knee,Questionable,Subscribers Only
James Conner,ARI,RB,Foot,IR-R,Subscribers Only
Anez Cooper,NYJ,OG,Shoulder,IR-R,Subscribers Only
Jonathon Cooper,DEN,LB,Personal,Reserve-CEL,Subscribers Only
Omar Cooper,NYJ,WR,Ankle,Questionable,Subscribers Only
Tyler Cooper,FA,OG,Undisclosed,Questionable,Subscribers Only
Blake Cotton,FA,CB,Hamstring,Questionable,Subscribers Only
River Cracraft,FA,WR,Undisclosed,Questionable,Subscribers Only
Keyron Crawford,LV,LB,Ankle,IR,Subscribers Only
Kitan Crawford,ARI,S,Ankle,IR,Subscribers Only
Dametrious Crownover,NE,OT,Knee,Questionable,Subscribers Only
Frank Crum,DEN,OT,Undisclosed,IR-R,Subscribers Only
Zach Cunningham,FA,LB,Hamstring,Questionable,Subscribers Only
Kam Curl,LAR,S,Ankle,Questionable,Subscribers Only
Chase Curtis,FA,TE,Knee,Questionable,Subscribers Only
Fentrell Cypress,FA,CB,Undisclosed,Questionable,Subscribers Only
Drew Dalman,CHI,C,Undisclosed,Reserve-Ret,Subscribers Only
Sam Darnold,SEA,QB,Lower Body,Out,Subscribers Only
D.J. Davidson,WAS,DT,Undisclosed,Reserve-Ret,Subscribers Only
Carlton Davis,NE,CB,Neck,Questionable,Subscribers Only
Gabe Davis,FA,WR,Knee - ACL,Questionable,Subscribers Only
Kalia Davis,CLE,DT,Quadriceps,IR,Subscribers Only
Malik Davis,DAL,RB,Hip,IR,Subscribers Only
Luke Deal,FA,TE,Undisclosed,Questionable,Subscribers Only
Trey Dean,FA,S,Undisclosed,Questionable,Subscribers Only
Justin Dedich,LAR,OG,Undisclosed,IR-R,Subscribers Only
Michael Deiter,DEN,C,Quadriceps,IR,Subscribers Only
Cooper DeJean,PHI,S,Calf,Questionable,Subscribers Only
Tank Dell,HOU,WR,Knee - ACL + MCL,IR-R,Subscribers Only
Oscar Delp,NO,TE,Hamstring,Questionable,Subscribers Only
Landon Dickerson,PHI,OG,Knee,IR,Subscribers Only
Garrett DiGiorgio,JAX,OG,Undisclosed,IR,Subscribers Only
Victor Dimukeje,FA,LB,Undisclosed,Questionable,Subscribers Only
Will Dissly,FA,TE,Undisclosed,Questionable,Subscribers Only
Thaddeus Dixon,NYG,CB,Achilles,IR,Subscribers Only
Ethan Downs,KC,DE,Knee - ACL,IR,Subscribers Only
Jack Driscoll,PIT,OT,Undisclosed,IR-R,Subscribers Only
Grant DuBose,FA,WR,Shoulder,Questionable,Subscribers Only
Storm Duck,MIA,CB,Knee,PUP-R,Subscribers Only
Ashton Dulin,IND,WR,Ankle,Questionable,Subscribers Only
Isaiah Dunn,FA,CB,Undisclosed,Questionable,Subscribers Only
Yasir Durant,FA,OG,Undisclosed,Questionable,Subscribers Only
Zane Durant,BUF,DT,Undisclosed,IR-R,Subscribers Only
Zach Durfee,JAX,DE,Upper Body,IR-R,Subscribers Only
Power Echols,FA,LB,Undisclosed,Questionable,Subscribers Only
Liam Eichenberg,FA,OG,Knee,Questionable,Subscribers Only
Milo Eifler,TEN,LB,Undisclosed,IR,Subscribers Only
Daniel Ekuale,FA,DT,Knee - ACL,Questionable,Subscribers Only
Ikem Ekwonu,CAR,OT,Knee,PUP-R,Subscribers Only
DeShon Elliott,PIT,S,Undisclosed,IR-R,Subscribers Only
Nick Emmanwori,SEA,S,Ankle,Questionable,Subscribers Only
James Ester,FA,OG,Undisclosed,Questionable,Subscribers Only
Audric Estime,NO,RB,Thigh,IR,Subscribers Only
Trevor Etienne,CAR,RB,Ankle,IR-R,Subscribers Only
KC Eziomume,FA,CB,Undisclosed,Questionable,Subscribers Only
Princeton Fant,DAL,TE,Knee - ACL + MCL,IR,Subscribers Only
Andrew Farmer,SF,DE,Back,IR,Subscribers Only
Troy Fautanu,PIT,OT,Ankle,Questionable,Subscribers Only
Da'Quan Felton,FA,WR,Undisclosed,Questionable,Subscribers Only
Tony Fields,CHI,LB,Undisclosed,IR-R,Subscribers Only
Anthony Firkser,FA,TE,Leg,Questionable,Subscribers Only
Dez Fitzpatrick,FA,WR,Undisclosed,Questionable,Subscribers Only
John FitzPatrick,FA,TE,Achilles,Questionable,Subscribers Only
Minkah Fitzpatrick,NYJ,S,Groin,Doubtful,Subscribers Only
Demetrius Flannigan-Fowles,FA,LB,Undisclosed,Questionable,Subscribers Only
Dontae Fleming,FA,WR,Undisclosed,Questionable,Subscribers Only
Dallis Flowers,CHI,CB,Leg,IR,Subscribers Only
Zay Flowers,BAL,WR,Hamstring,Questionable,Subscribers Only
Jaylan Ford,NO,LB,Undisclosed,IR-R,Subscribers Only
Bryce Ford-Wheaton,FA,WR,Achilles,Questionable,Subscribers Only
Darrick Forrest,SF,S,Undisclosed,IR,Subscribers Only
Tyrek Funderburk,FA,CB,Undisclosed,Questionable,Subscribers Only
Dillon Gabriel,CLE,QB,Back,IR-R,Subscribers Only
Neville Gallimore,CHI,DT,Illness,Questionable,Subscribers Only
Graham Gano,FA,K,Neck,Questionable,Subscribers Only
Nick Gargiulo,DEN,OG,Knee - ACL,PUP-R,Subscribers Only
Myles Garrett,LAR,LB,Knee,Out,Subscribers Only
Jonathan Garvin,CHI,DE,Undisclosed,IR,Subscribers Only
Nick Gates,FA,C,Groin,Questionable,Subscribers Only
Ali Gaye,HOU,LB,Knee,IR,Subscribers Only
Jameson Geers,ARI,TE,Undisclosed,IR,Subscribers Only
Jack Gibbens,ARI,LB,Shoulder,Questionable,Subscribers Only
Antonio Gibson,FA,RB,Knee - ACL,Questionable,Subscribers Only
Kelvin Gilliam,DAL,DT,Triceps,IR,Subscribers Only
Graham Glasgow,FA,OG,Undisclosed,Questionable,Subscribers Only
Zane Gonzalez,FA,K,Undisclosed,Questionable,Subscribers Only
Monkell Goodwine,FA,DT,Undisclosed,Questionable,Subscribers Only
Kyler Gordon,CHI,CB,Calf,PUP-R,Subscribers Only
Kenneth Grant,MIA,DT,Leg,IR-R,Subscribers Only
Cedric Gray,TEN,LB,Concussion,Questionable,Subscribers Only
Danny Gray,FA,WR,Undisclosed,Questionable,Subscribers Only
B.J. Green,JAX,DE,Elbow,IR,Subscribers Only
Kendrick Green,CLE,OG,Undisclosed,IR,Subscribers Only
Jonathan Greenard,PHI,LB,Pectoral,Questionable,Subscribers Only
Will Grier,CAR,QB,Personal,Reserve-Ret,Subscribers Only
Luke Grimm,FA,WR,Undisclosed,Questionable,Subscribers Only
Isaac Guerendo,SF,RB,Pectoral,PUP-R,Subscribers Only
John Michael Gyllenborg,KC,TE,Knee,IR,Subscribers Only
Sam Hagen,HOU,OT,Undisclosed,IR,Subscribers Only
Darren Hall,FA,S,Undisclosed,Questionable,Subscribers Only
Kemon Hall,FA,CB,Undisclosed,Questionable,Subscribers Only
C.J. Ham,MIN,FB,Undisclosed,Reserve-Ret,Subscribers Only
Kyonte Hamilton,FA,DT,Undisclosed,Questionable,Subscribers Only
Dominique Hampton,FA,LB,Undisclosed,Questionable,Subscribers Only
Nick Hampton,FA,LB,Undisclosed,Questionable,Subscribers Only
Da'Shawn Hand,ATL,DT,Quadriceps,IR,Subscribers Only
Johnathan Hankins,FA,DT,Back,Questionable,Subscribers Only
C.J. Hanson,FA,OG,Undisclosed,Questionable,Subscribers Only
Justin Hardee,FA,CB,Undisclosed,Questionable,Subscribers Only
Daequan Hardy,PIT,CB,Undisclosed,IR,Subscribers Only
Javon Hargrave,GB,DT,Concussion,Questionable,Subscribers Only
Bruce Harmon,FA,CB,Knee,Questionable,Subscribers Only
Jaylen Harrell,TEN,LB,Knee - ACL,IR,Subscribers Only
Darius Harris,FA,LB,Undisclosed,Questionable,Subscribers Only
Ronnie Harrison,MIA,LB,Hamstring,Questionable,Subscribers Only
Deonte Harty,FA,WR,Knee,Questionable,Subscribers Only
RJ Harvey,DEN,RB,Hamstring,Questionable,Subscribers Only
Josh Hayes,TB,CB,Knee,IR-R,Subscribers Only
Ryan Hayes,FA,OT,Undisclosed,Questionable,Subscribers Only
Trey Hendrickson,BAL,DE,Finger,Questionable,Subscribers Only
Matt Hennessy,DAL,C,Neck,IR,Subscribers Only
Matt Henningsen,DEN,DT,Achilles,IR,Subscribers Only
KJ Henry,FA,DE,Undisclosed,Questionable,Subscribers Only
Tyron Herring,FA,CB,Undisclosed,Questionable,Subscribers Only
Jayden Higgins,HOU,WR,Knee - ACL,IR,Subscribers Only
Julian Hill,NE,TE,Knee,IR,Subscribers Only
Tyreek Hill,FA,WR,Knee - ACL,Out,Subscribers Only
Mike Hilton,FA,CB,Shoulder,Questionable,Subscribers Only
Kurt Hinish,FA,DT,Undisclosed,Questionable,Subscribers Only
Nate Hobbs,SF,CB,Groin,IR,Subscribers Only
Jimmy Holiday,KC,WR,Undisclosed,IR,Subscribers Only
Justin Hollins,FA,LB,Undisclosed,Questionable,Subscribers Only
Malik Hooker,DAL,S,Forearm,Doubtful,Subscribers Only
Ty'Ron Hopper,GB,LB,Achilles,Questionable,Subscribers Only
Dylan Horton,HOU,DE,Achilles,IR,Subscribers Only
Dennis Houston,FA,WR,Groin,Questionable,Subscribers Only
James Houston,DAL,LB,Shoulder,Questionable,Subscribers Only
Kyron Hudson,FA,WR,Undisclosed,Questionable,Subscribers Only
Parker Hughes,JAX,LB,Undisclosed,IR,Subscribers Only
Connor Hulstein,FA,TE,Undisclosed,Questionable,Subscribers Only
Jake Hummel,HOU,LB,Groin,Doubtful,Subscribers Only
Jaylon Hutchings,FA,DT,Undisclosed,Questionable,Subscribers Only
Ruben Hyppolite,CHI,LB,Shoulder,IR,Subscribers Only
Germain Ifedi,FA,OT,Undisclosed,Questionable,Subscribers Only
Ja'Marcus Ingram,HOU,CB,Shoulder,IR-R,Subscribers Only
Isaiah Iton,FA,DT,Undisclosed,Questionable,Subscribers Only
Brennan Jackson,LV,LB,Undisclosed,IR,Subscribers Only
Dane Jackson,JAX,CB,Personal,Reserve-Ret,Subscribers Only
Ja'Quinden Jackson,FA,RB,Undisclosed,Questionable,Subscribers Only
Keondre Jackson,BAL,S,Shoulder,Questionable,Subscribers Only
Tyree Jackson,FA,TE,Undisclosed,Questionable,Subscribers Only
Curtis Jacobs,FA,LB,Undisclosed,Questionable,Subscribers Only
Josh Jacobs,GB,RB,Personal,Reserve-CEL,Subscribers Only
Khalil Jacobs,NE,LB,Undisclosed,IR,Subscribers Only
Andre James,FA,C,Undisclosed,Questionable,Subscribers Only
DJ James,FA,CB,Undisclosed,Questionable,Subscribers Only
Shemar Jean-Charles,FA,CB,Undisclosed,Questionable,Subscribers Only
Jermar Jefferson,FA,RB,Undisclosed,Questionable,Subscribers Only
Elgton Jenkins,CLE,C,Back,Questionable,Subscribers Only
Teven Jenkins,CLE,OG,Back,Questionable,Subscribers Only
Terrell Jennings,FA,RB,Undisclosed,Questionable,Subscribers Only
Josey Jewell,FA,LB,Concussion,Questionable,Subscribers Only
John Jiles,FA,WR,Undisclosed,Questionable,Subscribers Only
Alex Johnson,FA,CB,Undisclosed,Questionable,Subscribers Only
Isaiah Johnson,FA,CB,Knee - ACL,Questionable,Subscribers Only
Juwan Johnson,NO,TE,Illness,Questionable,Subscribers Only
Lonnie Johnson,FA,S,Leg,Questionable,Subscribers Only
Nazeeh Johnson,FA,CB,Ankle,Questionable,Subscribers Only
Ty Johnson,BUF,RB,Hamstring,Questionable,Subscribers Only
Kingsley Jonathan,NYJ,DE,Thigh,IR,Subscribers Only
Chris Jones,KC,DT,Calf,Questionable,Subscribers Only
Dawand Jones,CLE,OT,Head,Questionable,Subscribers Only
Dom Jones,FA,CB,Knee,Questionable,Subscribers Only
Dre'Mont Jones,NE,LB,Foot,Questionable,Subscribers Only
Jacoby Jones,FA,WR,Undisclosed,Questionable,Subscribers Only
Jamarco Jones,FA,OT,Achilles,Questionable,Subscribers Only
Jaylon Jones,FA,CB,Hamstring,Questionable,Subscribers Only
Jeshaun Jones,MIN,WR,Suspension,Reserve-Sus,Subscribers Only
Josh Jones,SEA,OT,Knee,Questionable,Subscribers Only
Justin Jones,FA,DT,Knee,Questionable,Subscribers Only
Marlon Jones,GB,CB,Undisclosed,IR,Subscribers Only
Naquan Jones,FA,DT,Undisclosed,Questionable,Subscribers Only
Patrick Jones,CAR,LB,Back,Questionable,Subscribers Only
Cameron Jordan,NO,DE,Hamstring,Questionable,Subscribers Only
Kerby Joseph,DET,S,Knee,PUP-R,Subscribers Only
Michael Jurgens,MIN,C,Undisclosed,IR-R,Subscribers Only
Kyle Juszczyk,SF,FB,Finger,Questionable,Subscribers Only
Nikola Kalinic,CHI,TE,Knee,IR,Subscribers Only
Mikail Kamara,SF,DE,Knee,IR,Subscribers Only
Mohamed Kamara,TB,LB,Knee,IR,Subscribers Only
Jaren Kanak,TEN,TE,Pectoral,IR,Subscribers Only
Khalid Kareem,SF,DE,Shoulder,Questionable,Subscribers Only
Aidan Keanaaina,FA,DT,Undisclosed,Questionable,Subscribers Only
Kyu Blu Kelly,FA,CB,Knee,Questionable,Subscribers Only
Kyle Kennard,FA,LB,Undisclosed,Questionable,Subscribers Only
Donte Kent,PIT,CB,Undisclosed,PUP-R,Subscribers Only
Lawrence Keys,FA,WR,Leg,Questionable,Subscribers Only
Jimmy Kibble,FA,WR,Undisclosed,Questionable,Subscribers Only
Amari Kight,FA,OT,Undisclosed,Questionable,Subscribers Only
Miles Killebrew,TB,S,Concussion,Questionable,Subscribers Only
Kamren Kinchens,LAR,S,Hamstring,Questionable,Subscribers Only
Kevin King,FA,CB,Undisclosed,Questionable,Subscribers Only
Christian Kirk,SF,WR,Calf,IR-R,Subscribers Only
Jaxson Kirkland,FA,OG,Undisclosed,Questionable,Subscribers Only
Miles Kitselman,FA,TE,Leg,Questionable,Subscribers Only
George Kittle,SF,TE,Achilles,Questionable,Subscribers Only
Bilhal Kone,BAL,CB,Lower Body,IR-R,Subscribers Only
Rene Konga,MIA,DT,Undisclosed,IR,Subscribers Only
Tanoh Kpassagnon,TEN,DE,Undisclosed,IR,Subscribers Only
Cooper Kupp,SEA,WR,Back,Questionable,Subscribers Only
Luke Lachey,FA,TE,Foot,Questionable,Subscribers Only
Caullin Lacy,FA,WR,Undisclosed,Questionable,Subscribers Only
KeAndre Lambert-Smith,LAC,WR,Hamstring,IR,Subscribers Only
Kendall Lamm,BAL,OT,Undisclosed,Reserve-Ret,Subscribers Only
Chris Lammons,FA,CB,Foot,Questionable,Subscribers Only
Nate Landman,LAR,LB,Shoulder,Questionable,Subscribers Only
Harold Landry,NE,LB,Undisclosed,PUP-R,Subscribers Only
Ja'Kobi Lane,BAL,WR,Wrist,IR,Subscribers Only
Jaylin Lane,WAS,WR,Groin,Questionable,Subscribers Only
Hayden Large,CHI,TE,Undisclosed,IR,Subscribers Only
Tucker Large,PHI,S,Undisclosed,NFI-R,Subscribers Only
Marshon Lattimore,FA,CB,Knee - ACL,Questionable,Subscribers Only
Kendrick Law,DET,WR,Knee - ACL,IR,Subscribers Only
Logan Lee,PIT,DT,Undisclosed,IR,Subscribers Only
Shane Lemieux,FA,C,Undisclosed,Questionable,Subscribers Only
Montana Lemonious-Craig,FA,WR,Lower Body,Questionable,Subscribers Only
Titus Leo,FA,DE,Undisclosed,Questionable,Subscribers Only
Deane Leonard,LAC,CB,Abdomen,Questionable,Subscribers Only
Chad Lindberg,FA,C,Undisclosed,Questionable,Subscribers Only
Chris Lindstrom,ATL,OG,Concussion,Questionable,Subscribers Only
Marist Liufau,DAL,LB,Forearm,IR-R,Subscribers Only
Caleb Lohner,DEN,TE,Lower Body,IR-R,Subscribers Only
David Long,NO,CB,Undisclosed,IR,Subscribers Only
Roy Lopez,ARI,DT,Groin,Questionable,Subscribers Only
Kyle Louis,MIA,S,Knee,IR,Subscribers Only
Reuben Lowery,IND,S,Undisclosed,Reserve-Ret,Subscribers Only
Chase Lucas,FA,CB,Undisclosed,Questionable,Subscribers Only
Frankie Luvu,WAS,LB,Groin,Questionable,Subscribers Only
Tyler Mabry,FA,TE,Undisclosed,Questionable,Subscribers Only
Nnamdi Madubuike,BAL,DT,Neck,Questionable,Subscribers Only
Jordan Magee,WAS,LB,Hamstring,IR,Subscribers Only
Christian Mahogany,DET,OG,Hip,Out,Subscribers Only
Jason Maitre,FA,CB,Undisclosed,Questionable,Subscribers Only
Will Mallory,IND,TE,Thumb,IR-R,Subscribers Only
DeAngelo Malone,ATL,LB,Undisclosed,PUP-R,Subscribers Only
Dontae Manning,FA,CB,Undisclosed,Questionable,Subscribers Only
Giovanni Manu,DET,OT,Knee,NFI-R,Subscribers Only
Devon Marshall,FA,CB,Undisclosed,Questionable,Subscribers Only
Nick Martin,SF,LB,Hamstring,IR,Subscribers Only
Bam Martin-Scott,CAR,LB,Hamstring,IR-R,Subscribers Only
RJ Maryland,FA,TE,Hamstring,Questionable,Subscribers Only
Jordan Mason,MIN,RB,Thumb,IR,Subscribers Only
Moliki Matavao,NO,TE,Knee,IR,Subscribers Only
Damarri Mathis,CLE,CB,Undisclosed,IR,Subscribers Only
Phidarian Mathis,BUF,DT,Suspension,Reserve-Sus,Subscribers Only
Scott Matlock,LAC,FB,Undisclosed,IR-R,Subscribers Only
Dorian Mausi,TEN,LB,Undisclosed,IR-R,Subscribers Only
Cade Mays,DET,C,Wrist,IR-R,Subscribers Only
Eric McAlister,FA,WR,Foot,Questionable,Subscribers Only
Ray-Ray McCloud,FA,WR,Undisclosed,Questionable,Subscribers Only
Ladd McConkey,LAC,WR,Ribs,Questionable,Subscribers Only
Cooper McDonald,KC,LB,Knee,IR,Subscribers Only
Kayden McDonald,HOU,DT,Ankle,IR,Subscribers Only
Kaleb McGary,ATL,OT,Leg,Reserve-Ret,Subscribers Only
Sean McKeon,FA,TE,Undisclosed,Questionable,Subscribers Only
DeShawn McKnight,TB,DT,Hamstring,IR,Subscribers Only
Tanner McLachlan,FA,TE,Undisclosed,Questionable,Subscribers Only
Jeremy McNichols,WAS,RB,Quadriceps,IR-R,Subscribers Only
Zech McPhearson,FA,CB,Undisclosed,Questionable,Subscribers Only
Malick Meiga,FA,WR,Undisclosed,Questionable,Subscribers Only
Patrick Mekari,JAX,OG,Back,IR-R,Subscribers Only
Max Melton,ARI,CB,Ankle,Questionable,Subscribers Only
Graham Mertz,HOU,QB,Knee - ACL,IR,Subscribers Only
Jakobi Meyers,JAX,WR,Thumb,Questionable,Subscribers Only
Joshua Miles,LV,OT,Undisclosed,Reserve-Ret,Subscribers Only
Blake Miller,DET,OT,Knee,Out,Subscribers Only
Dante Miller,FA,RB,Groin,Questionable,Subscribers Only
Jam Miller,FA,RB,Undisclosed,Questionable,Subscribers Only
Mason Miller,FA,OT,Undisclosed,Out,Subscribers Only
Marvin Mims,DEN,WR,Foot,Questionable,Subscribers Only
Josh Minkins,FA,S,Undisclosed,Questionable,Subscribers Only
Cameron Mitchell,IND,CB,Undisclosed,IR,Subscribers Only
Elijah Mitchell,FA,RB,Undisclosed,Questionable,Subscribers Only
Joe Mixon,FA,RB,Foot,Out,Subscribers Only
Elijah Molden,LAC,S,Hamstring,Questionable,Subscribers Only
Kyle Monangai,CHI,RB,Hamstring,Questionable,Subscribers Only
D.J. Montgomery,IND,WR,Abdomen,IR,Subscribers Only
Myles Montgomery,NE,RB,Undisclosed,IR,Subscribers Only
Devin Moore,DAL,CB,Undisclosed,IR-R,Subscribers Only
Quentin Moore,FA,TE,Undisclosed,Questionable,Subscribers Only
Trey Moore,MIA,LB,Ankle,IR-R,Subscribers Only
Emmanuel Moseley,FA,CB,Illness,Questionable,Subscribers Only
Ahmaad Moses,FA,S,Spine,Questionable,Subscribers Only
Le'Veon Moss,MIA,RB,Undisclosed,Reserve-Ret,Subscribers Only
Zack Moss,FA,RB,Neck,Questionable,Subscribers Only
Raheem Mostert,FA,RB,Knee,Questionable,Subscribers Only
Taylor Moton,CAR,OT,Illness,NFI-R,Subscribers Only
Malik Muhammad,CHI,CB,Ankle,Questionable,Subscribers Only
Israel Mukuamu,FA,S,Undisclosed,Questionable,Subscribers Only
Kyler Murray,MIN,QB,Concussion,Questionable,Subscribers Only
Luke Musgrave,GB,TE,Neck,PUP-R,Subscribers Only
PJ Mustipher,FA,DT,Foot,Questionable,Subscribers Only
Sam Mustipher,JAX,C,Undisclosed,IR,Subscribers Only
Devin Neal,FA,RB,Hamstring,Questionable,Subscribers Only
Matt Nelson,FA,OT,Undisclosed,Questionable,Subscribers Only
Bryson Nesbit,FA,TE,Undisclosed,Questionable,Subscribers Only
Jer'Zhan Newton,WAS,DT,Pectoral,IR,Subscribers Only
Lucas Niang,FA,OT,Knee - ACL,Questionable,Subscribers Only
Bilal Nichols,FA,DT,Knee,Questionable,Subscribers Only
Michael Niese,FA,OG,Leg,Questionable,Subscribers Only
Omarr Norman-Lott,KC,DT,Knee - ACL,PUP-R,Subscribers Only
Morice Norris,FA,S,Concussion,Questionable,Subscribers Only
Storm Norton,ATL,OT,Foot,PUP-R,Subscribers Only
Drey Norwood,FA,CB,Undisclosed,Questionable,Subscribers Only
Kene Nwangwu,NYJ,RB,Back,Questionable,Subscribers Only
Isaiah Nwokobia,FA,S,Undisclosed,Questionable,Subscribers Only
Brian O'Neill,MIN,OT,Knee,Questionable,Subscribers Only
Dayo Odeyingbo,CHI,DE,Shoulder,Questionable,Subscribers Only
Ty Okada,SEA,S,Hamstring,Questionable,Subscribers Only
Chig Okonkwo,WAS,TE,Hamstring,Questionable,Subscribers Only
Sam Okuayinonu,SF,DE,Foot,IR,Subscribers Only
Jeff Okudah,FA,CB,Concussion,Questionable,Subscribers Only
Chris Oladokun,FA,QB,Undisclosed,Questionable,Subscribers Only
Collin Oliver,GB,LB,Achilles,IR-R,Subscribers Only
Gunner Olszewski,NYG,WR,Achilles,IR,Subscribers Only
Foyesade Oluokun,JAX,LB,Wrist,Questionable,Subscribers Only
Charles Omenihu,WAS,DE,Ankle,Questionable,Subscribers Only
Joseph Ossai,NYJ,DE,Foot,Questionable,Subscribers Only
K.C. Ossai,HOU,LB,Undisclosed,IR,Subscribers Only
Robbie Ouzts,SEA,FB,Neck,IR,Subscribers Only
DeMarvion Overshown,DAL,LB,Hamstring,Questionable,Subscribers Only
Odafe Oweh,WAS,LB,Calf,Questionable,Subscribers Only
Coleman Owen,FA,WR,Concussion,Questionable,Subscribers Only
Gervarrius Owens,FA,S,Undisclosed,Questionable,Subscribers Only
Kejon Owens,FA,RB,Illness,Questionable,Subscribers Only
Jeremiah Owusu-Koramoah,CLE,LB,Neck,PUP-R,Subscribers Only
Isiah Pacheco,DET,RB,Back,IR,Subscribers Only
Lincoln Pare,FA,RB,Undisclosed,Questionable,Subscribers Only
Brian Parker,CIN,OG,Undisclosed,IR-R,Subscribers Only
Jacob Parrish,TB,CB,Back,Questionable,Subscribers Only
Micah Parsons,GB,LB,Knee - ACL,PUP-R,Subscribers Only
Tim Patrick,NYJ,WR,Groin,IR,Subscribers Only
Chris Paul,FA,LB,Undisclosed,Questionable,Subscribers Only
Daron Payne,WAS,DT,Knee,Questionable,Subscribers Only
VJ Payne,NYJ,S,Undisclosed,IR-R,Subscribers Only
Rico Payton,NYG,CB,Undisclosed,IR,Subscribers Only
James Pearce,ATL,LB,Suspension,Reserve-Sus,Subscribers Only
Ricky Pearsall,SF,WR,Knee - PCL,IR,Subscribers Only
Michael Penix,ATL,QB,Knee - ACL,Questionable,Subscribers Only
Denzel Perryman,LAC,LB,Undisclosed,IR,Subscribers Only
Jacob Phillips,FA,LB,Biceps,Questionable,Subscribers Only
Jordan Phillips,FA,DT,Ankle,Questionable,Subscribers Only
Justin Pickett,LV,OG,Undisclosed,IR,Subscribers Only
Eddy Pineiro,SF,K,Illness,Questionable,Subscribers Only
Danny Pinter,BAL,C,Knee,IR,Subscribers Only
Trey Pipkins,LAC,OG,Knee,Questionable,Subscribers Only
Michael Pittman,PIT,WR,Foot,Questionable,Subscribers Only
Austen Pleasants,SF,OT,Knee,IR-R,Subscribers Only
Ja'Lynn Polk,NO,WR,Undisclosed,Reserve-Ret,Subscribers Only
D'Angelo Ponds,NYJ,CB,Calf,Questionable,Subscribers Only
Darien Porter,LV,CB,Foot,Questionable,Subscribers Only
Joey Porter,PIT,CB,Back,Questionable,Subscribers Only
Jordan Poyer,FA,S,Hamstring,Questionable,Subscribers Only
Isaiah Prince,FA,OT,Knee,Questionable,Subscribers Only
Kaleb Proctor,ARI,DT,Knee - Meniscus,IR,Subscribers Only
Dillon Radunz,NO,OG,Knee - ACL,IR,Subscribers Only
Adam Randall,BAL,RB,Undisclosed,IR-R,Subscribers Only
Keith Randolph,FA,DT,Undisclosed,Questionable,Subscribers Only
C.J. Ravenell,FA,DE,Undisclosed,Questionable,Subscribers Only
LaBryan Ray,CAR,DE,Personal,Reserve-Ret,Subscribers Only
Brock Rechsteiner,FA,WR,Suspension,Reserve-Sus,Subscribers Only
D.J. Reed,DET,CB,Foot,Questionable,Subscribers Only
Desmond Reid,FA,RB,Undisclosed,Questionable,Subscribers Only
Tip Reiman,ARI,TE,Ankle,PUP-R,Subscribers Only
Anthony Richardson,IND,QB,Groin,Questionable,Subscribers Only
Dominic Richardson,FA,RB,Undisclosed,Questionable,Subscribers Only
Mason Richman,SEA,OG,Leg,IR,Subscribers Only
Daniel Rickert,LAR,LB,Knee,IR,Subscribers Only
Jordon Riley,GB,DT,Achilles,PUP-R,Subscribers Only
Chase Roberts,FA,WR,Undisclosed,Questionable,Subscribers Only
Jacob Roberts,FA,LB,Undisclosed,Questionable,Subscribers Only
Sam Roberts,FA,DT,Undisclosed,Questionable,Subscribers Only
Roy Robertson-Harris,NYG,DT,Achilles,IR,Subscribers Only
Kye Robichaux,FA,RB,Foot,Questionable,Subscribers Only
Chop Robinson,MIA,DE,Concussion,Questionable,Subscribers Only
Ethan Robinson,FA,CB,Undisclosed,Questionable,Subscribers Only
Jahquez Robinson,BAL,S,Undisclosed,IR,Subscribers Only
Keilan Robinson,FA,RB,Undisclosed,Questionable,Subscribers Only
DJ Rogers,DAL,TE,Knee,IR,Subscribers Only
Joe Royer,CLE,TE,Personal,NFI-R,Subscribers Only
Corey Rucker,LV,WR,Undisclosed,IR,Subscribers Only
De'Shawn Rucker,FA,CB,Ankle,Questionable,Subscribers Only
Carter Runyon,LV,TE,Undisclosed,IR-R,Subscribers Only
Andrew Rupcich,FA,OG,Undisclosed,Questionable,Subscribers Only
J.J. Russell,FA,LB,Concussion,Questionable,Subscribers Only
Nick Saldiveri,NO,OG,Knee,PUP-R,Subscribers Only
Jamaree Salyer,FA,OG,Knee,Questionable,Subscribers Only
Andre' Sam,PHI,S,Foot,IR,Subscribers Only
Dylan Sampson,CLE,RB,Knee,IR,Subscribers Only
Drew Sanders,FA,LB,Undisclosed,Questionable,Subscribers Only
T.J. Sanders,BUF,DT,Knee,Questionable,Subscribers Only
Tyreak Sapp,FA,DE,Undisclosed,Questionable,Subscribers Only
Ben Sauls,FA,K,Undisclosed,Questionable,Subscribers Only
Brenden Schooler,NE,S,Undisclosed,NFI-R,Subscribers Only
Gee Scott,FA,WR,Undisclosed,Questionable,Subscribers Only
Sam Scott,FA,RB,Undisclosed,Questionable,Subscribers Only
Nic Scourton,CAR,LB,Knee - ACL,IR,Subscribers Only
Trey Sermon,ATL,RB,Undisclosed,IR,Subscribers Only
Isaac Seumalo,ARI,OG,Shoulder,Questionable,Subscribers Only
Marlen Sewell,FA,S,Undisclosed,Questionable,Subscribers Only
Nephi Sewell,CHI,LB,Concussion,IR,Subscribers Only
Noah Sewell,CHI,LB,Achilles,PUP-R,Subscribers Only
Tyrell Shavers,BUF,WR,Knee - ACL,PUP-R,Subscribers Only
DT Sheffield,FA,WR,Undisclosed,Questionable,Subscribers Only
Kendall Sheffield,FA,CB,Undisclosed,Questionable,Subscribers Only
Dakoda Shepley,FA,OG,Ankle,Questionable,Subscribers Only
Jamien Sherwood,NYJ,LB,Knee,Questionable,Subscribers Only
Justin Shorter,LV,WR,Undisclosed,IR,Subscribers Only
David Sills,TB,WR,Undisclosed,IR-R,Subscribers Only
Keeshawn Silver,FA,DT,Undisclosed,Questionable,Subscribers Only
Josh Simmons,KC,OT,Back,Questionable,Subscribers Only
Cody Simon,ARI,LB,Shoulder,Questionable,Subscribers Only
John Simpson,BAL,OG,Groin,Questionable,Subscribers Only
Ben Sims,FA,TE,Undisclosed,Questionable,Subscribers Only
Jacob Slade,FA,DT,Undisclosed,Questionable,Subscribers Only
Darius Slay,FA,CB,Undisclosed,Reserve-Ret,Subscribers Only
Aaron Smith,FA,LB,Undisclosed,Questionable,Subscribers Only
Ainias Smith,FA,WR,Undisclosed,Questionable,Subscribers Only
Braden Smith,HOU,OT,Foot,IR,Subscribers Only
Chris Smith,FA,S,Undisclosed,Questionable,Subscribers Only
EJ Smith,FA,RB,Undisclosed,Questionable,Subscribers Only
Irv Smith,FA,TE,Ankle,Questionable,Subscribers Only
Tyler Smith,DAL,OG,Thumb,IR,Subscribers Only
Charles Snowden,FA,DE,Suspension,Reserve-Sus,Subscribers Only
Barryn Sorrell,GB,LB,Foot,Questionable,Subscribers Only
E.J. Speed,HOU,LB,Quadriceps,PUP-R,Subscribers Only
Omar Speights,LAR,LB,Hip,Questionable,Subscribers Only
Malik Spencer,FA,S,Undisclosed,Questionable,Subscribers Only
Robert Spillane,NE,LB,Knee,Questionable,Subscribers Only
Isaiah Stalbird,NO,LB,Shoulder,Questionable,Subscribers Only
Ronnie Stanley,BAL,OT,Toe,Questionable,Subscribers Only
M.J. Stewart,HOU,S,Quadriceps,PUP-R,Subscribers Only
Eli Stowers,PHI,TE,Hamstring,IR,Subscribers Only
De'Zhaun Stribling,SF,WR,Ankle,Out,Subscribers Only
Loren Strickland,FA,S,Undisclosed,Questionable,Subscribers Only
Ricky Stromberg,FA,C,Undisclosed,Questionable,Subscribers Only
Dorian Strong,BUF,CB,Neck,NFI-R,Subscribers Only
Pierre Strong,FA,RB,Hamstring,Questionable,Subscribers Only
Lorenzo Styles,NO,S,Calf,IR,Subscribers Only
Ty Summers,FA,LB,Foot,Questionable,Subscribers Only
D'Andre Swift,CHI,RB,Ankle,Questionable,Subscribers Only
Tua Tagovailoa,ATL,QB,Oblique,Questionable,Subscribers Only
Taki Taimani,MIN,DT,Undisclosed,IR,Subscribers Only
Sione Takitaki,FA,LB,Hamstring,Questionable,Subscribers Only
T.J. Tampa,BAL,CB,Knee,Questionable,Subscribers Only
Teair Tart,LAC,DT,Ankle,Questionable,Subscribers Only
Marcus Tate,FA,OG,Undisclosed,Questionable,Subscribers Only
Branson Taylor,LAC,OT,Undisclosed,IR-R,Subscribers Only
Brien Taylor,FA,DT,Neck,Questionable,Subscribers Only
Ja'Sir Taylor,CIN,CB,Undisclosed,IR-R,Subscribers Only
Keith Taylor,FA,CB,Undisclosed,Questionable,Subscribers Only
Patrick Taylor,FA,RB,Undisclosed,Questionable,Subscribers Only
Dadrion Taylor-Demerson,ARI,S,Ribs,Questionable,Subscribers Only
A.J. Terrell,ATL,CB,Shoulder,Questionable,Subscribers Only
Adam Thielen,MIN,WR,Undisclosed,Reserve-Ret,Subscribers Only
Brian Thomas,JAX,WR,Shoulder,Questionable,Subscribers Only
Keir Thomas,LAR,LB,Groin,IR,Subscribers Only
Xavier Thomas,FA,LB,Suspension,Reserve-Sus,Subscribers Only
Anterio Thompson,ATL,DT,Undisclosed,NFI-R,Subscribers Only
Lorenzo Thompson,FA,OT,Undisclosed,Questionable,Subscribers Only
Skylar Thompson,BAL,QB,Undisclosed,IR,Subscribers Only
Dont'e Thornton,LV,WR,Undisclosed,IR,Subscribers Only
Jamari Thrash,FA,WR,Undisclosed,Questionable,Subscribers Only
Mason Tipton,NO,WR,Leg,PUP-R,Subscribers Only
Henry To'oTo'o,HOU,LB,Shoulder,IR,Subscribers Only
Dalvin Tomlinson,LAC,DT,Hamstring,Questionable,Subscribers Only
Jake Tonges,SF,TE,Knee - MCL,IR,Subscribers Only
Casey Toohill,FA,DE,Personal,Reserve-Ret,Subscribers Only
Anthony Torres,FA,TE,Ankle,Questionable,Subscribers Only
Brett Toth,SF,C,Concussion,IR,Subscribers Only
Carson Towt,IND,TE,Undisclosed,IR,Subscribers Only
Tyrone Tracy,NYG,RB,Illness,Questionable,Subscribers Only
Seydou Traore,MIA,TE,Thumb,Questionable,Subscribers Only
Ozzy Trapilo,CHI,OT,Knee,Questionable,Subscribers Only
Chip Trayanum,NYJ,RB,Neck,IR,Subscribers Only
Cory Trice,FA,CB,Knee,Questionable,Subscribers Only
Keagen Trost,LAR,OT,Hamstring,IR-R,Subscribers Only
Joe Tryon-Shoyinka,PHI,DE,Undisclosed,Reserve-Ret,Subscribers Only
Laremy Tunsil,WAS,OT,Triceps,IR,Subscribers Only
Cole Turner,MIA,TE,Undisclosed,IR,Subscribers Only
DJ Turner,FA,WR,Undisclosed,Questionable,Subscribers Only
Payton Turner,DET,DE,Back,IR,Subscribers Only
Shemar Turner,CHI,DT,Knee - ACL,PUP-R,Subscribers Only
Delarrin Turner-Yell,FA,S,Knee,Questionable,Subscribers Only
Jordyn Tyson,NO,WR,Hamstring,IR-R,Subscribers Only
Edefuan Ulofoshio,CLE,LB,Biceps,IR,Subscribers Only
Andrew Van Ginkel,MIN,LB,Chest,Questionable,Subscribers Only
Cole Van Lanen,JAX,OT,Knee,Questionable,Subscribers Only
Lukas Van Ness,GB,LB,Concussion,Questionable,Subscribers Only
Joseph Vaughn,FA,LB,Undisclosed,Questionable,Subscribers Only
Malik Verdon,FA,LB,Undisclosed,Questionable,Subscribers Only
Jalen Virgil,FA,WR,Undisclosed,Questionable,Subscribers Only
Nathan Voorhis,FA,DE,Undisclosed,Questionable,Subscribers Only
Shaun Wade,FA,CB,Shoulder,Questionable,Subscribers Only
Matt Waletzko,KC,OT,Undisclosed,IR,Subscribers Only
Jalon Walker,ATL,LB,Knee - ACL,IR,Subscribers Only
Mykal Walker,FA,LB,Undisclosed,Questionable,Subscribers Only
Tracy Walker,FA,S,Suspension,Reserve-Sus,Subscribers Only
Eddie Walls,LAR,LB,Undisclosed,IR,Subscribers Only
Jalen Walthall,FA,WR,Undisclosed,Questionable,Subscribers Only
Jimmie Ward,FA,S,Foot,Questionable,Subscribers Only
Carter Warren,FA,OT,Undisclosed,Questionable,Subscribers Only
Eric Watts,FA,DE,Undisclosed,Questionable,Subscribers Only
Markees Watts,CLE,DE,Undisclosed,Reserve-Ret,Subscribers Only
Xavier Weaver,FA,WR,Hamstring,Questionable,Subscribers Only
Jeremiah Webb,NE,WR,Arm,IR,Subscribers Only
Barry Wesley,FA,OT,Undisclosed,Questionable,Subscribers Only
Ja'Markis Weston,FA,LB,Undisclosed,Questionable,Subscribers Only
Tershawn Wharton,CAR,DT,Neck,PUP-R,Subscribers Only
Tyrone Wheatley,FA,OT,Undisclosed,Questionable,Subscribers Only
Jordan White,JAX,C,Undisclosed,Reserve-Ret,Subscribers Only
Keion White,SF,DE,Back,Questionable,Subscribers Only
Squirrel White,CHI,WR,Personal,Reserve-Ret,Subscribers Only
Leander Wiegand,FA,OG,Undisclosed,Questionable,Subscribers Only
Christian Wilkins,FA,DT,Foot,Questionable,Subscribers Only
Cameron Williams,ATL,OT,Ankle,IR,Subscribers Only
D.J. Williams,FA,RB,Undisclosed,Questionable,Subscribers Only
Damarion Williams,FA,CB,Undisclosed,Questionable,Subscribers Only
Darious Williams,LAR,CB,Undisclosed,Reserve-Ret,Subscribers Only
Garrett Williams,ARI,CB,Achilles,Questionable,Subscribers Only
James Williams,TEN,LB,Elbow,Questionable,Subscribers Only
Jonah Williams,FA,OT,Shoulder,Questionable,Subscribers Only
Joshua Williams,TEN,CB,Pectoral,IR-R,Subscribers Only
Mario Williams,FA,WR,Undisclosed,Questionable,Subscribers Only
Mike Williams,LAC,WR,Undisclosed,Reserve-Ex,Subscribers Only
Mykel Williams,SF,DE,Knee - ACL,PUP-R,Subscribers Only
Savion Williams,GB,WR,Ankle,IR-R,Subscribers Only
Xavier Williams,FA,S,Hip,Questionable,Subscribers Only
Reid Williford,FA,LB,Undisclosed,Questionable,Subscribers Only
Cedrick Wilson,FA,WR,Knee,Questionable,Subscribers Only
Divaad Wilson,FA,CB,Undisclosed,Questionable,Subscribers Only
Jack Wilson,FA,OT,Undisclosed,Questionable,Subscribers Only
Jeremiah Wilson,FA,CB,Undisclosed,Questionable,Subscribers Only
Johnny Wilson,PHI,WR,Knee,IR,Subscribers Only
Deatrich Wise,WAS,DE,Quadriceps,PUP-R,Subscribers Only
Ahkello Witherspoon,WAS,CB,Personal,Reserve-Ret,Subscribers Only
Zach Wood,NO,C,Calf,Out,Subscribers Only
Michael Woods,FA,WR,Leg,Questionable,Subscribers Only
Robert Woods,LAR,WR,Undisclosed,Reserve-Ret,Subscribers Only
Xavier Woods,CHI,S,Groin,Questionable,Subscribers Only
Isaiah World,LAC,OT,Knee,NFI-R,Subscribers Only
Alex Wright,CLE,DE,Achilles,IR,Subscribers Only
Darnell Wright,CHI,OT,Knee,Questionable,Subscribers Only
Rejzohn Wright,NO,CB,Hip,IR,Subscribers Only
Devonte Wyatt,GB,DT,Ankle,Questionable,Subscribers Only
Luke Wysong,FA,WR,Undisclosed,Questionable,Subscribers Only
Thomas Yassmin,GB,TE,Undisclosed,IR,Subscribers Only
Kenny Yeboah,FA,TE,Hamstring,Questionable,Subscribers Only
Ben Yurosek,MIN,TE,Undisclosed,IR,Subscribers Only
Nick Zakelj,SF,OG,Undisclosed,IR,Subscribers Only
Kevin Zeitler,FA,OG,Quadriceps,Questionable,Subscribers Only
Greg Zuerlein,FA,K,Knee,Questionable,Subscribers Only
Shane Zylstra,FA,TE,Undisclosed,Questionable,Subscribers Only