season,gametypeid,week,date,awayteam,hometeam,network,time
2026,2,1,09/09/2026,Patriots,Seahawks,,8:20 PM
2026,2,1,09/10/2026,49ers,Rams,,8:35 PM
2026,2,1,09/13/2026,Bears,Panthers,,1:00 PM
2026,2,1,09/13/2026,Buccaneers,Bengals,,1:00 PM
2026,2,1,09/13/2026,Ravens,Colts,,1:00 PM
2026,2,1,09/13/2026,Saints,Lions,,1:00 PM
2026,2,1,09/13/2026,Bills,Texans,,1:00 PM
2026,2,1,09/13/2026,Browns,Jaguars,,1:00 PM
2026,2,1,09/13/2026,Jets,Titans,,1:00 PM
2026,2,1,09/13/2026,Falcons,Steelers,,1:00 PM
2026,2,1,09/13/2026,Packers,Vikings,,4:25 PM
2026,2,1,09/13/2026,Commanders,Eagles,,4:25 PM
2026,2,1,09/13/2026,Dolphins,Raiders,,4:25 PM
2026,2,1,09/13/2026,Cardinals,Chargers,,4:25 PM
2026,2,1,09/13/2026,Cowboys,Giants,,8:20 PM
2026,2,1,09/14/2026,Broncos,Chiefs,,8:15 PM
2026,2,2,09/17/2026,Lions,Bills,,8:15 PM
2026,2,2,09/20/2026,Panthers,Falcons,,1:00 PM
2026,2,2,09/20/2026,Vikings,Bears,,1:00 PM
2026,2,2,09/20/2026,Bengals,Texans,,1:00 PM
2026,2,2,09/20/2026,Steelers,Patriots,,1:00 PM
2026,2,2,09/20/2026,Packers,Jets,,1:00 PM
2026,2,2,09/20/2026,Eagles,Titans,,1:00 PM
2026,2,2,09/20/2026,Saints,Ravens,,1:00 PM
2026,2,2,09/20/2026,Browns,Buccaneers,,1:00 PM
2026,2,2,09/20/2026,Jaguars,Broncos,,4:05 PM
2026,2,2,09/20/2026,Raiders,Chargers,,4:05 PM
2026,2,2,09/20/2026,Seahawks,Cardinals,,4:25 PM
2026,2,2,09/20/2026,Commanders,Cowboys,,4:25 PM
2026,2,2,09/20/2026,Dolphins,49ers,,4:25 PM
2026,2,2,09/20/2026,Colts,Chiefs,,8:20 PM
2026,2,2,09/21/2026,Giants,Rams,,8:15 PM
2026,2,3,09/24/2026,Falcons,Packers,,8:15 PM
2026,2,3,09/27/2026,Chargers,Bills,,1:00 PM
2026,2,3,09/27/2026,Panthers,Browns,,1:00 PM
2026,2,3,09/27/2026,Texans,Colts,,1:00 PM
2026,2,3,09/27/2026,Jets,Lions,,1:00 PM
2026,2,3,09/27/2026,Patriots,Jaguars,,1:00 PM
2026,2,3,09/27/2026,Chiefs,Dolphins,,1:00 PM
2026,2,3,09/27/2026,Titans,Giants,,1:00 PM
2026,2,3,09/27/2026,Bengals,Steelers,,1:00 PM
2026,2,3,09/27/2026,Seahawks,Commanders,,1:00 PM
2026,2,3,09/27/2026,Cardinals,49ers,,4:05 PM
2026,2,3,09/27/2026,Vikings,Buccaneers,,4:05 PM
2026,2,3,09/27/2026,Ravens,Cowboys,,4:25 PM
2026,2,3,09/27/2026,Raiders,Saints,,4:25 PM
2026,2,3,09/27/2026,Rams,Broncos,,8:20 PM
2026,2,3,09/28/2026,Eagles,Bears,,8:15 PM
2026,2,4,10/01/2026,Steelers,Browns,,8:15 PM
2026,2,4,10/04/2026,Colts,Commanders,,9:30 AM
2026,2,4,10/04/2026,Patriots,Bills,,1:00 PM
2026,2,4,10/04/2026,Jets,Bears,,1:00 PM
2026,2,4,10/04/2026,Jaguars,Bengals,,1:00 PM
2026,2,4,10/04/2026,Cowboys,Texans,,1:00 PM
2026,2,4,10/04/2026,Cardinals,Giants,,1:00 PM
2026,2,4,10/04/2026,Rams,Eagles,,1:00 PM
2026,2,4,10/04/2026,Titans,Ravens,,1:00 PM
2026,2,4,10/04/2026,Packers,Buccaneers,,1:00 PM
2026,2,4,10/04/2026,Dolphins,Vikings,,4:05 PM
2026,2,4,10/04/2026,Chiefs,Raiders,,4:25 PM
2026,2,4,10/04/2026,Chargers,Seahawks,,4:25 PM
2026,2,4,10/04/2026,Broncos,49ers,,4:25 PM
2026,2,4,10/04/2026,Lions,Panthers,,8:20 PM
2026,2,4,10/05/2026,Falcons,Saints,,8:15 PM
2026,2,5,10/08/2026,Buccaneers,Cowboys,,8:15 PM
2026,2,5,10/11/2026,Eagles,Jaguars,,9:30 AM
2026,2,5,10/11/2026,Bengals,Dolphins,,1:00 PM
2026,2,5,10/11/2026,Vikings,Saints,,1:00 PM
2026,2,5,10/11/2026,Raiders,Patriots,,1:00 PM
2026,2,5,10/11/2026,Browns,Jets,,1:00 PM
2026,2,5,10/11/2026,Texans,Titans,,1:00 PM
2026,2,5,10/11/2026,Colts,Steelers,,1:00 PM
2026,2,5,10/11/2026,Giants,Commanders,,1:00 PM
2026,2,5,10/11/2026,Broncos,Chargers,,4:05 PM
2026,2,5,10/11/2026,Lions,Cardinals,,4:25 PM
2026,2,5,10/11/2026,Bears,Packers,,4:25 PM
2026,2,5,10/11/2026,49ers,Seahawks,,4:25 PM
2026,2,5,10/11/2026,Ravens,Falcons,,8:20 PM
2026,2,5,10/12/2026,Bills,Rams,,8:15 PM
2026,2,6,10/15/2026,Seahawks,Broncos,,8:15 PM
2026,2,6,10/18/2026,Texans,Jaguars,,9:30 AM
2026,2,6,10/18/2026,Bears,Falcons,,1:00 PM
2026,2,6,10/18/2026,Ravens,Browns,,1:00 PM
2026,2,6,10/18/2026,Titans,Colts,,1:00 PM
2026,2,6,10/18/2026,Jets,Patriots,,1:00 PM
2026,2,6,10/18/2026,Saints,Giants,,1:00 PM
2026,2,6,10/18/2026,Panthers,Eagles,,1:00 PM
2026,2,6,10/18/2026,Steelers,Buccaneers,,1:00 PM
2026,2,6,10/18/2026,Cardinals,Rams,,4:05 PM
2026,2,6,10/18/2026,Chargers,Chiefs,,4:25 PM
2026,2,6,10/18/2026,Bills,Raiders,,4:25 PM
2026,2,6,10/18/2026,Cowboys,Packers,,8:20 PM
2026,2,6,10/19/2026,Commanders,49ers,,8:15 PM
2026,2,7,10/22/2026,Patriots,Bears,,8:15 PM
2026,2,7,10/25/2026,Steelers,Saints,,9:30 AM
2026,2,7,10/25/2026,49ers,Falcons,,1:00 PM
2026,2,7,10/25/2026,Buccaneers,Panthers,,1:00 PM
2026,2,7,10/25/2026,Giants,Texans,,1:00 PM
2026,2,7,10/25/2026,Colts,Vikings,,1:00 PM
2026,2,7,10/25/2026,Dolphins,Jets,,1:00 PM
2026,2,7,10/25/2026,Browns,Titans,,1:00 PM
2026,2,7,10/25/2026,Bengals,Ravens,,1:00 PM
2026,2,7,10/25/2026,Broncos,Cardinals,,4:05 PM
2026,2,7,10/25/2026,Packers,Lions,,4:25 PM
2026,2,7,10/25/2026,Rams,Raiders,,4:25 PM
2026,2,7,10/25/2026,Chiefs,Seahawks,,8:20 PM
2026,2,7,10/26/2026,Cowboys,Eagles,,8:15 PM
2026,2,8,10/29/2026,Panthers,Packers,,8:15 PM
2026,2,8,11/01/2026,Ravens,Bills,,1:00 PM
2026,2,8,11/01/2026,Titans,Bengals,,1:00 PM
2026,2,8,11/01/2026,Cardinals,Cowboys,,1:00 PM
2026,2,8,11/01/2026,Vikings,Lions,,1:00 PM
2026,2,8,11/01/2026,Colts,Jaguars,,1:00 PM
2026,2,8,11/01/2026,Raiders,Jets,,1:00 PM
2026,2,8,11/01/2026,Browns,Steelers,,1:00 PM
2026,2,8,11/01/2026,Falcons,Buccaneers,,1:00 PM
2026,2,8,11/01/2026,Chargers,Rams,,4:05 PM
2026,2,8,11/01/2026,Chiefs,Broncos,,4:25 PM
2026,2,8,11/01/2026,Patriots,Dolphins,,4:25 PM
2026,2,8,11/01/2026,Eagles,Commanders,,8:20 PM
2026,2,8,11/02/2026,Bears,Seahawks,,8:15 PM
2026,2,9,11/05/2026,Jaguars,Ravens,,8:15 PM
2026,2,9,11/08/2026,Bengals,Falcons,,9:30 AM
2026,2,9,11/08/2026,Broncos,Panthers,,1:00 PM
2026,2,9,11/08/2026,Cowboys,Colts,,1:00 PM
2026,2,9,11/08/2026,Jets,Chiefs,,1:00 PM
2026,2,9,11/08/2026,Lions,Dolphins,,1:00 PM
2026,2,9,11/08/2026,Browns,Saints,,1:00 PM
2026,2,9,11/08/2026,Giants,Eagles,,1:00 PM
2026,2,9,11/08/2026,Rams,Commanders,,1:00 PM
2026,2,9,11/08/2026,Texans,Chargers,,4:05 PM
2026,2,9,11/08/2026,Raiders,49ers,,4:05 PM
2026,2,9,11/08/2026,Packers,Patriots,,4:25 PM
2026,2,9,11/08/2026,Cardinals,Seahawks,,4:25 PM
2026,2,9,11/08/2026,Buccaneers,Bears,,8:20 PM
2026,2,9,11/09/2026,Bills,Vikings,,8:15 PM
2026,2,10,11/12/2026,Commanders,Giants,,8:15 PM
2026,2,10,11/15/2026,Patriots,Lions,,9:30 AM
2026,2,10,11/15/2026,Chiefs,Falcons,,1:00 PM
2026,2,10,11/15/2026,Texans,Browns,,1:00 PM
2026,2,10,11/15/2026,Dolphins,Colts,,1:00 PM
2026,2,10,11/15/2026,Vikings,Packers,,1:00 PM
2026,2,10,11/15/2026,Panthers,Saints,,1:00 PM
2026,2,10,11/15/2026,Bills,Jets,,1:00 PM
2026,2,10,11/15/2026,Jaguars,Titans,,1:00 PM
2026,2,10,11/15/2026,Rams,Cardinals,,4:05 PM
2026,2,10,11/15/2026,Seahawks,Raiders,,4:05 PM
2026,2,10,11/15/2026,49ers,Cowboys,,4:25 PM
2026,2,10,11/15/2026,Steelers,Bengals,,8:20 PM
2026,2,10,11/16/2026,Chargers,Ravens,,8:15 PM
2026,2,11,11/19/2026,Colts,Texans,,8:15 PM
2026,2,11,11/22/2026,Dolphins,Bills,,1:00 PM
2026,2,11,11/22/2026,Ravens,Panthers,,1:00 PM
2026,2,11,11/22/2026,Saints,Bears,,1:00 PM
2026,2,11,11/22/2026,Titans,Cowboys,,1:00 PM
2026,2,11,11/22/2026,Buccaneers,Lions,,1:00 PM
2026,2,11,11/22/2026,Cardinals,Chiefs,,1:00 PM
2026,2,11,11/22/2026,Jaguars,Giants,,1:00 PM
2026,2,11,11/22/2026,Jets,Chargers,,4:05 PM
2026,2,11,11/22/2026,Raiders,Broncos,,4:25 PM
2026,2,11,11/22/2026,Steelers,Eagles,,4:25 PM
2026,2,11,11/22/2026,Vikings,49ers,,8:20 PM
2026,2,11,11/23/2026,Bengals,Commanders,,8:15 PM
2026,2,12,11/25/2026,Packers,Rams,,8:00 PM
2026,2,12,11/26/2026,Bears,Lions,,1:00 PM
2026,2,12,11/26/2026,Eagles,Cowboys,,4:30 PM
2026,2,12,11/26/2026,Chiefs,Bills,,8:20 PM
2026,2,12,11/27/2026,Broncos,Steelers,,3:00 PM
2026,2,12,11/29/2026,Saints,Bengals,,1:00 PM
2026,2,12,11/29/2026,Raiders,Browns,,1:00 PM
2026,2,12,11/29/2026,Giants,Colts,,1:00 PM
2026,2,12,11/29/2026,Ravens,Texans,,1:00 PM
2026,2,12,11/29/2026,Jets,Dolphins,,1:00 PM
2026,2,12,11/29/2026,Falcons,Vikings,,1:00 PM
2026,2,12,11/29/2026,Titans,Jaguars,,4:05 PM
2026,2,12,11/29/2026,Commanders,Cardinals,,4:25 PM
2026,2,12,11/29/2026,Seahawks,49ers,,4:25 PM
2026,2,12,11/29/2026,Patriots,Chargers,,8:20 PM
2026,2,12,11/30/2026,Panthers,Buccaneers,,8:15 PM
2026,2,13,12/03/2026,Chiefs,Rams,,8:15 PM
2026,2,13,12/06/2026,Lions,Falcons,,1:00 PM
2026,2,13,12/06/2026,Jaguars,Bears,,1:00 PM
2026,2,13,12/06/2026,Bengals,Browns,,1:00 PM
2026,2,13,12/06/2026,Packers,Saints,,1:00 PM
2026,2,13,12/06/2026,49ers,Giants,,1:00 PM
2026,2,13,12/06/2026,Commanders,Titans,,1:00 PM
2026,2,13,12/06/2026,Chargers,Buccaneers,,1:00 PM
2026,2,13,12/06/2026,Eagles,Cardinals,,4:05 PM
2026,2,13,12/06/2026,Dolphins,Broncos,,4:05 PM
2026,2,13,12/06/2026,Panthers,Vikings,,4:25 PM
2026,2,13,12/06/2026,Bills,Patriots,,4:25 PM
2026,2,13,12/06/2026,Texans,Steelers,,8:20 PM
2026,2,13,12/07/2026,Cowboys,Seahawks,,8:15 PM
2026,2,14,12/10/2026,Vikings,Patriots,,8:15 PM
2026,2,14,12/13/2026,Saints,Panthers,,1:00 PM
2026,2,14,12/13/2026,Falcons,Browns,,1:00 PM
2026,2,14,12/13/2026,Titans,Lions,,1:00 PM
2026,2,14,12/13/2026,Bears,Dolphins,,1:00 PM
2026,2,14,12/13/2026,Broncos,Jets,,1:00 PM
2026,2,14,12/13/2026,Colts,Eagles,,1:00 PM
2026,2,14,12/13/2026,Buccaneers,Ravens,,1:00 PM
2026,2,14,12/13/2026,Texans,Commanders,,1:00 PM
2026,2,14,12/13/2026,Chargers,Raiders,,4:05 PM
2026,2,14,12/13/2026,Chiefs,Bengals,,4:25 PM
2026,2,14,12/13/2026,Giants,Seahawks,,4:25 PM
2026,2,14,12/13/2026,Rams,49ers,,4:25 PM
2026,2,14,12/13/2026,Bills,Packers,,8:20 PM
2026,2,14,12/14/2026,Steelers,Jaguars,,8:15 PM
2026,2,15,12/17/2026,49ers,Chargers,,8:15 PM
2026,2,15,12/19/2026,Seahawks,Eagles,,5:00 PM
2026,2,15,12/19/2026,Bears,Bills,,8:20 PM
2026,2,15,12/20/2026,Bengals,Panthers,,1:00 PM
2026,2,15,12/20/2026,Dolphins,Packers,,1:00 PM
2026,2,15,12/20/2026,Jaguars,Texans,,1:00 PM
2026,2,15,12/20/2026,Browns,Giants,,1:00 PM
2026,2,15,12/20/2026,Colts,Titans,,1:00 PM
2026,2,15,12/20/2026,Ravens,Steelers,,1:00 PM
2026,2,15,12/20/2026,Saints,Buccaneers,,1:00 PM
2026,2,15,12/20/2026,Falcons,Commanders,,1:00 PM
2026,2,15,12/20/2026,Jets,Cardinals,,4:05 PM
2026,2,15,12/20/2026,Broncos,Raiders,,4:25 PM
2026,2,15,12/20/2026,Cowboys,Rams,,4:25 PM
2026,2,15,12/20/2026,Lions,Vikings,,8:20 PM
2026,2,15,12/21/2026,Patriots,Chiefs,,8:15 PM
2026,2,16,12/24/2026,Texans,Eagles,,8:15 PM
2026,2,16,12/25/2026,Packers,Bears,,1:00 PM
2026,2,16,12/25/2026,Bills,Broncos,,4:30 PM
2026,2,16,12/25/2026,Rams,Seahawks,,8:15 PM
2026,2,16,12/27/2026,Buccaneers,Falcons,,1:00 PM
2026,2,16,12/27/2026,Bengals,Colts,,1:00 PM
2026,2,16,12/27/2026,Chargers,Dolphins,,1:00 PM
2026,2,16,12/27/2026,Commanders,Vikings,,1:00 PM
2026,2,16,12/27/2026,Cardinals,Saints,,1:00 PM
2026,2,16,12/27/2026,Patriots,Jets,,1:00 PM
2026,2,16,12/27/2026,Panthers,Steelers,,1:00 PM
2026,2,16,12/27/2026,Browns,Ravens,,1:00 PM
2026,2,16,12/27/2026,Titans,Raiders,,4:05 PM
2026,2,16,12/27/2026,49ers,Chiefs,,4:25 PM
2026,2,16,12/27/2026,Jaguars,Cowboys,,8:20 PM
2026,2,16,12/28/2026,Giants,Lions,,8:15 PM
2026,2,17,12/31/2026,Ravens,Bengals,,8:15 PM
2026,2,17,01/03/2026,Saints,Falcons,,1:00 PM
2026,2,17,01/03/2027,Seahawks,Panthers,,1:00 PM
2026,2,17,01/03/2027,Colts,Browns,,1:00 PM
2026,2,17,01/03/2027,Giants,Cowboys,,1:00 PM
2026,2,17,01/03/2027,Commanders,Jaguars,,1:00 PM
2026,2,17,01/03/2027,Bills,Dolphins,,1:00 PM
2026,2,17,01/03/2027,Broncos,Patriots,,1:00 PM
2026,2,17,01/03/2027,Vikings,Jets,,1:00 PM
2026,2,17,01/03/2027,Steelers,Titans,,1:00 PM
2026,2,17,01/03/2027,Chiefs,Chargers,,1:00 PM
2026,2,17,01/03/2027,Rams,Buccaneers,,1:00 PM
2026,2,17,01/03/2027,Raiders,Cardinals,,4:05 PM
2026,2,17,01/03/2027,Lions,Bears,,4:25 PM
2026,2,17,01/03/2027,Eagles,49ers,,8:20 PM
2026,2,17,01/04/2027,Texans,Packers,,8:15 PM
2026,2,18,01/10/2027,Jets,Bills,,1:00 PM
2026,2,18,01/10/2027,Falcons,Panthers,,1:00 PM
2026,2,18,01/10/2027,Browns,Bengals,,1:00 PM
2026,2,18,01/10/2027,Jaguars,Colts,,1:00 PM
2026,2,18,01/10/2027,49ers,Cardinals,,1:00 PM
2026,2,18,01/10/2027,Chargers,Broncos,,1:00 PM
2026,2,18,01/10/2026,Lions,Packers,,1:00 PM
2026,2,18,01/10/2027,Titans,Texans,,1:00 PM
2026,2,18,01/10/2027,Raiders,Chiefs,,1:00 PM
2026,2,18,01/10/2027,Bears,Vikings,,1:00 PM
2026,2,18,01/10/2027,Buccaneers,Saints,,1:00 PM
2026,2,18,01/10/2027,Dolphins,Patriots,,1:00 PM
2026,2,18,01/10/2027,Eagles,Giants,,1:00 PM
2026,2,18,01/10/2027,Seahawks,Rams,,1:00 PM
2026,2,18,01/10/2027,Steelers,Ravens,,1:00 PM
2026,2,18,01/10/2027,Cowboys,Commanders,,1:00 PM
